{"_id":{"$oid":"5cd8c9bb3e0876acb520d10b"},"Title":"Silence of the Lambs","Description":"A young FBI cadet must receive the help of an incarcerated and manipulative cannibal killer to help catch another serial killer.","Genre":{"Name":"Thriller","Description":"Thriller film is genre that involves excitement and suspense in the audience."},"Director":{"Name":"Jonathan Demme","Bio":"Robert Jonathan Demme was an American director, producer, and screenwriter.","Birth":"1944","Death":"2017"},"ImagePath":"silenceofthelambs.png","Featured":false}
{"_id":{"$oid":"5cd8cb713e0876acb520d10c"},"Title":"Dark Knight","Description":"When the menance known as The Joker emerges from his mysterious past, he wreaks havoc and chaos on the people of Gotham.","Genre":{"Name":"Thriller","Description":"Thriller film is a genre that involves excitement and suspense in the audience."},"Director":{"Name":"Christopher Nolan","Bio":"Christopher Nolan is an English film director, screenwriter, and producer.","Birth":"1970","Death":0.0},"ImagePath":"darkknight.png","Featured":false}
{"_id":{"$oid":"5cd8cee43e0876acb520d10e"},"Title":"12 Angry Men","Description":"A jury holdout attempts to prevent a miscarriage of justice by forcing his colleagues to reconsider the evidence.","Genre":{"Name":"Drama","Description":"Drama genre is narrative fiction more serious than humorous in tone."},"Director":{"Name":"Sidney Lumet","Bio":"Sidney Lumet was an American director, producer and screenwriter with over 50 films.","Birth":"1924","Death":"2011"},"ImagePath":"twelveangrymen.png","Featured":false}
{"_id":{"$oid":"5cd8ceeb3e0876acb520d10f"},"Title":"Schindler's List","Description":"In German occupied Poland during World War II, industrialist Oskar Schindler gradually becomes concerned for his Jewish workforce after witnessing their persecution by the Nazis.","Genre":{"Name":"Drama","Description":"Drama genre is narrative fiction more serious than humorous in tone."},"Director":{"Name":"Steven Spielberg","Bio":"Steven Spielberg is an American filmmaker considered a founding pioneer of the New Hollywood era.","Birth":"1946","Death":0.0},"ImagePath":"schindlerslist.png","Featured":false}
{"_id":{"$oid":"5cd8d02e3e0876acb520d110"},"Title":"The Lord of the Rings: The Return of the King","Description":"Gandalf and Aragorn lead the World of Men against Sauron's army.","Genre":{"Name":"Science Fiction","Description":"Science fiction deals with imaginative and futuristic concepts."},"Director":{"Name":"Roberto Benigni","Bio":"Roberto Benigni is an Italian actor, comedian, screenwriter and director.","Birth":"1952","Death":0.0},"ImagePath":"thelordoftheringsking.png","Featured":false}
{"_id":{"$oid":"5cd8d3623e0876acb520d111"},"Title":"Pulp Fiction","Description":"The lives of multiple people intertwine in four tales of violence and redemption","Genre":{"Name":"Drama","Description":"Drama genre is a narrative fiction more serious than humorous in tone."},"Director":{"Name":"Quentin Tarantino","Bio":"Quentin Tarantino is an American director, writer, and actor.","Birth":"1963","Death":0.0},"ImagePath":"pulpfiction.png","Featured":false}
{"_id":{"$oid":"5cd9c68a3e0876acb520d112"},"Title":"Forrest Gump","Description":"Several presidencies and national events unfold through the perspective of an Alabama man with a low IQ","Genre":{"Name":"Drama","Description":"Drama genre is a narrative fiction more serious than humorous in tone."},"Director":{"Name":"Robert Zemeckis","Bio":"Robert Zemeckis is an American screenwriter and filmmaker credited as an innovator in visual effects.","Birth":"1952","Death":0.0},"ImagePath":"forrestgump.png","Featured":true}
{"_id":{"$oid":"5cd9c7ff3e0876acb520d113"},"Title":"The Godfather","Description":"The aging patriarch of an organized crime dynasty transfer control of his clandestine empire to his reluctant son.","Genre":{"Name":"Crime","Description":"Crime fiction is a genre that fictionalizes crimes, their detection, criminals and their motives."},"Director":{"Name":"Francis Ford Coppola","Bio":"Francis Ford Coppola was born in Michigan and has won several Oscars.","Birth":"1939","Death":0.0},"ImagePath":"thegodfather.png","Featured":false}
{"_id":{"$oid":"5cd9c8e23e0876acb520d114"},"Title":"The Godfather II","Description":"The early life and career of a crime family patriarch in 1920s New York City is portrayed while his son expands and tightens his grip on the family crime syndicate.","Genre":{"Name":"Crime","Description":"Crime fiction is a genre that fictionalizes crimes, their detection, criminals and their motives."},"Director":{"Name":"Francis Ford Coppola","Bio":"Multiple Oscar winner born in Michigan.","Birth":"1939","Death":0.0},"ImagePath":"thegodfatherii.png","Featured":false}
{"_id":{"$oid":"5cd9ca413e0876acb520d115"},"Title":"Back to the Future","Description":"The adventures of a high school student and an eccentric scientist as they travel through time.","Genre":{"Name":"Science Fiction","Description":"Science fiction deals with imaginative and futuristic concepts."},"Director":{"Name":"Robert Zemeckis","Bio":"Robert Zemeckis is an American screenwriter and filmmaker credited as an innovator of visual effects.","Birth":"1952","Death":0.0},"ImagePath":"backtothefuture.png","Featured":false}
{"_id":{"$oid":"5cde44e32b6c942fb4ccdbfc"},"Title":"Forrest Gump","Description":"The life of a simple man from Alabama.","Genre":{"Name":"Drama","Description":"A serious rather than humorous tone."},"Director":{"Name":"Robert Zemeckis","Bio":"An innovative visual effects screenwriter and filmmaker"},"ImagePath":"forrestgump.png","Featured":true}
