{"_id":{"$oid":"5cd9ccd13e0876acb520d116"},"Username":"sharpie1","Password":"sharpiepassword","Email":"sharpie1@gmail.com","Birthday":{"$date":"2018-01-01T00:00:00.000Z"},"FavoriteMovies":{"_id":{"$oid":"5cd8c9bb3e0876acb520d10b"}}}
{"_id":{"$oid":"5cd9ce623e0876acb520d117"},"Username":"MrPotatoHead","Password":"Potatopassword","Email":"MrPotatoHead@gmail.com","Birthday":{"$date":"2019-02-08T00:00:00.000Z"},"FavoriteMovies":{"_id":{"$oid":"5cd9ca413e0876acb520d115"}}}
{"_id":{"$oid":"5cd9cf023e0876acb520d118"},"Username":"Loki","Password":"Lokipassword","Email":"loki@gmail.com","Birthday":{"$date":"2018-10-31T00:00:00.000Z"},"FavoriteMovies":{"_id":{"$oid":"5cd9c7ff3e0876acb520d113"}}}
{"_id":{"$oid":"5cdaba803e0876acb520d11e"},"Username":"Thor","Password":"Thorpassword","Email":"thor@gmail.com","Birthday":{"$date":"2012-08-01T00:00:00.000Z"},"FavoriteMovies":[{"$oid":"5cd8cee63e0876acb520d116"},{"$oid":"5cd9c8e23d0876acb520d118"},{"$oid":"5cd9c8e23e0876acb520d114"}]}
